{"run_name": "../models_iter_ft_swichback_true/503b_iter1", "train_runtime": 9892.8717, "train_samples_per_second": 12.065, "train_steps_per_second": 0.189, "total_flos": 3.9118032973961626e+17, "train_loss": 1.328221920923637, "epoch": 5.0}