{"run_name": "../../models/base_longform_503B_FT_lr1e-5_ep5", "train_runtime": 10363.9975, "train_samples_per_second": 11.27, "train_steps_per_second": 0.176, "total_flos": 3.827935129632768e+17, "train_loss": 2.120431946532367, "epoch": 5.0}